{"can_max_height": 100, "2Y0A21 F42": {"m": 0.5283524702404051, "c": 9.553031484341943}, "2Y0A21 F08": {"m": 1.2133270215138448, "c": -4.377770608825753}}